{
  "metadata": {
    "method_name": "TF-ISF vs Cosine vs BM25 Section Retrieval",
    "description": "Compares three retrieval methods on QASPER scientific QA",
    "llm_model": "tencent/hy3:free",
    "top_k": 3,
    "n_questions": 180,
    "results_summary": {
      "dataset": "QASPER",
      "n_questions": 180,
      "methods": [
        {
          "name": "cosine",
          "mean_f1": 0.20552434183900734,
          "std_f1": 0.15162789313170877,
          "mean_section_recall": 0.15379629629629626,
          "section_recall_by_type": {
            "Unknown": 0.17116666666666663,
            "Method": 0.1525252525252525,
            "Result": 0.06333333333333332,
            "Related": 0.25,
            "Introduction": 0.0,
            "Abstract": 1.0
          },
          "f1_by_type": {
            "Unknown": 0.20815819439819505,
            "Method": 0.2117130572314837,
            "Result": 0.18514450981150693,
            "Related": 0.2689407270313278,
            "Introduction": 0.3404255319148936,
            "Abstract": 0.18503118503118504
          },
          "n": 180
        },
        {
          "name": "bm25",
          "mean_f1": 0.21328098200181952,
          "std_f1": 0.15563906729633065,
          "mean_section_recall": 0.10638888888888888,
          "section_recall_by_type": {
            "Unknown": 0.109,
            "Method": 0.13888888888888887,
            "Result": 0.06666666666666667,
            "Related": 0.0,
            "Introduction": 0.0,
            "Abstract": 0.5
          },
          "f1_by_type": {
            "Unknown": 0.21470842279010782,
            "Method": 0.27043668606512716,
            "Result": 0.1635349562832577,
            "Related": 0.18703882042849437,
            "Introduction": 0.28,
            "Abstract": 0.21288515406162467
          },
          "n": 180
        },
        {
          "name": "tf_isf",
          "mean_f1": 0.22058306422495058,
          "std_f1": 0.15648373575363575,
          "mean_section_recall": 0.09805555555555555,
          "section_recall_by_type": {
            "Unknown": 0.13066666666666665,
            "Method": 0.08838383838383838,
            "Result": 0.041666666666666664,
            "Related": 0.0,
            "Introduction": 0.0,
            "Abstract": 0.0
          },
          "f1_by_type": {
            "Unknown": 0.2261304645183169,
            "Method": 0.2387395517050506,
            "Result": 0.19708403570347613,
            "Related": 0.22997051599932006,
            "Introduction": 0.15384615384615383,
            "Abstract": 0.12820512820512822
          },
          "n": 180
        }
      ],
      "comparison": {
        "tf_isf_vs_cosine_f1_delta": 0.0151,
        "tf_isf_vs_cosine_section_recall_delta": -0.0557,
        "methods_ranked_by_f1": [
          "tf_isf",
          "bm25",
          "cosine"
        ]
      },
      "analysis": {
        "key_finding": "TF-ISF F1=0.221 vs Cosine F1=0.206 vs BM25 F1=0.213. Best method: tf_isf.",
        "subgroups_where_tf_isf_wins": [
          "Result",
          "Unknown",
          "Method"
        ],
        "api_cost_spent": 0.0,
        "api_calls_made": 540
      }
    }
  },
  "datasets": [
    {
      "dataset": "QASPER",
      "examples": [
        {
          "input": "What is the seed lexicon?",
          "output": "a vocabulary of positive and negative predicates that helps determine the polarity score of an event",
          "predict_cosine_answer": "The seed lexicon is a reference lexicon used to match events and assign reference scores during training, where it may match the latter (but not former) event in automatically labeled pairs or match n...",
          "predict_bm25_answer": "The seed lexicon is a very small set of positive and negative predicates used to assign polarity scores (+1 or -1) to extracted events that match it and lack complex phenomena like negation.",
          "predict_tf_isf_answer": "The seed lexicon is a very small lexicon consisting of positive and negative predicates used to assign polarity scores (+1 or -1) to extracted events that match it and lack complex phenomena like nega...",
          "metadata_paper_id": "1909.00694",
          "metadata_f1_cosine": "0.1739",
          "metadata_f1_bm25": "0.4",
          "metadata_f1_tf_isf": "0.4",
          "metadata_section_recall_cosine": "0.0",
          "metadata_section_recall_bm25": "0.0",
          "metadata_section_recall_tf_isf": "0.0",
          "metadata_gold_section_type": "Unknown",
          "metadata_retrieved_sections_cosine": "['Proposed Method ::: Discourse Relation-Based Event Pairs ::: AL (Automatically Labeled Pairs)', 'Proposed Method ::: Discourse Relation-Based Event Pairs ::: CA (Cause Pairs)', 'Proposed Method ::: ...",
          "metadata_retrieved_sections_bm25": "['Proposed Method ::: Discourse Relation-Based Event Pairs', 'Proposed Method ::: Discourse Relation-Based Event Pairs ::: CO (Concession Pairs)', 'Proposed Method ::: Discourse Relation-Based Event P...",
          "metadata_retrieved_sections_tf_isf": "['Proposed Method ::: Discourse Relation-Based Event Pairs ::: CA (Cause Pairs)', 'Proposed Method ::: Discourse Relation-Based Event Pairs ::: CO (Concession Pairs)', 'Proposed Method ::: Discourse R..."
        },
        {
          "input": "What are the results?",
          "output": "Using all data to train: AL -- BiGRU achieved 0.843 accuracy, AL -- BERT achieved 0.863 accuracy, AL+CA+CO -- BiGRU achieved 0.866 accuracy, AL+CA+CO -- BERT achieved 0.835, accuracy, ACP -- BiGRU ach...",
          "predict_cosine_answer": "Models using discourse relation-based label propagation performed close to (within 7% of) semi-supervised counterparts, with BiGRU+AL+CA+CO achieving the highest accuracy; supervised ACP outperformed ...",
          "predict_bm25_answer": "The discourse relation-based label propagation models performed considerably better than random baselines and within 7% of semi-supervised counterparts, with the BiGRU encoder on AL+CA+CO achieving th...",
          "predict_tf_isf_answer": "The discourse relation-based label propagation models performed considerably better than random baselines and within 7% of semi-supervised counterparts, with the BiGRU encoder on AL+CA+CO achieving th...",
          "metadata_paper_id": "1909.00694",
          "metadata_f1_cosine": "0.2564",
          "metadata_f1_bm25": "0.1446",
          "metadata_f1_tf_isf": "0.1389",
          "metadata_section_recall_cosine": "0.0",
          "metadata_section_recall_bm25": "0.0",
          "metadata_section_recall_tf_isf": "0.0",
          "metadata_gold_section_type": "Unknown",
          "metadata_retrieved_sections_cosine": "['Experiments ::: Results and Discussion', 'Proposed Method ::: Loss Functions', 'Appendices ::: Seed Lexicon ::: Positive Words']",
          "metadata_retrieved_sections_bm25": "['Abstract', 'Experiments ::: Dataset ::: AL, CA, and CO', 'Experiments ::: Results and Discussion']",
          "metadata_retrieved_sections_tf_isf": "['Abstract', 'Experiments ::: Dataset ::: AL, CA, and CO', 'Experiments ::: Results and Discussion']"
        },
        {
          "input": "How are relations used to propagate polarity?",
          "output": "based on the relation between events, the suggested polarity of one event can determine the possible polarity of the other event ",
          "predict_cosine_answer": "Discourse relations are used to propagate polarities of affective events from seeds, linking event pairs so that polarity is transferred through those relations.",
          "predict_bm25_answer": "Discourse relations (e.g., Cause, Concession) are used to propagate polarity from seed predicates to related events—same polarity for Cause and reverse for Concession—by exploiting how linked events t...",